Original_Feature,Importance
Intake,0.43492063492063493
Breed,0.2111111111111111
Season,0.19365079365079363
Animal,0.1603174603174603
