Original_Feature,Importance
Reduced,0.4182255189623374
Animal Type,0.39964721765641065
Season,0.18212726338125207
